Run,Cooling_Mode,Cutting_Speed_m_min,Feed_mm_tooth,Depth_of_Cut_mm,Ra_um,Power_W,Vb_um,Vb_mm,Source_URL
1,Dry,60,0.02,0.1,1.174,314.5,136.65,0.13665,https://www.researchgate.net/publication/377545139_Towards_sustainable_manufacturing_Multiple_optimization_of_surface_roughness_Ra_flank_wear_Vb_in_MQL-assisted_milling_of_Titanium_Alloy_Ti-6Al-4V
2,Dry,60,0.06,0.5,0.872,198,167.35,0.16735,https://www.researchgate.net/publication/377545139_Towards_sustainable_manufacturing_Multiple_optimization_of_surface_roughness_Ra_flank_wear_Vb_in_MQL-assisted_milling_of_Titanium_Alloy_Ti-6Al-4V
3,Dry,60,0.1,0.9,0.701,228.8,127.03,0.12703,https://www.researchgate.net/publication/377545139_Towards_sustainable_manufacturing_Multiple_optimization_of_surface_roughness_Ra_flank_wear_Vb_in_MQL-assisted_milling_of_Titanium_Alloy_Ti-6Al-4V
4,Dry,150,0.06,0.1,0.292,460.9,210.67,0.21067,https://www.researchgate.net/publication/377545139_Towards_sustainable_manufacturing_Multiple_optimization_of_surface_roughness_Ra_flank_wear_Vb_in_MQL-assisted_milling_of_Titanium_Alloy_Ti-6Al-4V
5,Dry,150,0.1,0.5,0.481,566.1,136.26,0.13626,https://www.researchgate.net/publication/377545139_Towards_sustainable_manufacturing_Multiple_optimization_of_surface_roughness_Ra_flank_wear_Vb_in_MQL-assisted_milling_of_Titanium_Alloy_Ti-6Al-4V
6,Dry,150,0.02,0.9,0.751,308.2,152.77,0.15277000000000002,https://www.researchgate.net/publication/377545139_Towards_sustainable_manufacturing_Multiple_optimization_of_surface_roughness_Ra_flank_wear_Vb_in_MQL-assisted_milling_of_Titanium_Alloy_Ti-6Al-4V
7,Dry,240,0.1,0.1,0.439,1117.2,292.54,0.29254,https://www.researchgate.net/publication/377545139_Towards_sustainable_manufacturing_Multiple_optimization_of_surface_roughness_Ra_flank_wear_Vb_in_MQL-assisted_milling_of_Titanium_Alloy_Ti-6Al-4V
8,Dry,240,0.02,0.5,0.667,636.6,130.49,0.13049000000000002,https://www.researchgate.net/publication/377545139_Towards_sustainable_manufacturing_Multiple_optimization_of_surface_roughness_Ra_flank_wear_Vb_in_MQL-assisted_milling_of_Titanium_Alloy_Ti-6Al-4V
9,Dry,240,0.06,0.9,0.493,1319.6,182.45,0.18245,https://www.researchgate.net/publication/377545139_Towards_sustainable_manufacturing_Multiple_optimization_of_surface_roughness_Ra_flank_wear_Vb_in_MQL-assisted_milling_of_Titanium_Alloy_Ti-6Al-4V
10,MQL,60,0.02,0.1,0.251,156.4,39.98,0.039979999999999995,https://www.researchgate.net/publication/377545139_Towards_sustainable_manufacturing_Multiple_optimization_of_surface_roughness_Ra_flank_wear_Vb_in_MQL-assisted_milling_of_Titanium_Alloy_Ti-6Al-4V
11,MQL,60,0.06,0.5,0.409,210,106.15,0.10615000000000001,https://www.researchgate.net/publication/377545139_Towards_sustainable_manufacturing_Multiple_optimization_of_surface_roughness_Ra_flank_wear_Vb_in_MQL-assisted_milling_of_Titanium_Alloy_Ti-6Al-4V
12,MQL,60,0.1,0.9,0.685,274.5,79.2,0.0792,https://www.researchgate.net/publication/377545139_Towards_sustainable_manufacturing_Multiple_optimization_of_surface_roughness_Ra_flank_wear_Vb_in_MQL-assisted_milling_of_Titanium_Alloy_Ti-6Al-4V
13,MQL,150,0.06,0.1,0.476,403.3,119.7,0.1197,https://www.researchgate.net/publication/377545139_Towards_sustainable_manufacturing_Multiple_optimization_of_surface_roughness_Ra_flank_wear_Vb_in_MQL-assisted_milling_of_Titanium_Alloy_Ti-6Al-4V
14,MQL,150,0.1,0.5,0.625,520.2,155.21,0.15521000000000001,https://www.researchgate.net/publication/377545139_Towards_sustainable_manufacturing_Multiple_optimization_of_surface_roughness_Ra_flank_wear_Vb_in_MQL-assisted_milling_of_Titanium_Alloy_Ti-6Al-4V
15,MQL,150,0.02,0.9,0.507,340,108.35,0.10834999999999999,https://www.researchgate.net/publication/377545139_Towards_sustainable_manufacturing_Multiple_optimization_of_surface_roughness_Ra_flank_wear_Vb_in_MQL-assisted_milling_of_Titanium_Alloy_Ti-6Al-4V
16,MQL,240,0.1,0.1,0.351,814.2,64.73,0.06473000000000001,https://www.researchgate.net/publication/377545139_Towards_sustainable_manufacturing_Multiple_optimization_of_surface_roughness_Ra_flank_wear_Vb_in_MQL-assisted_milling_of_Titanium_Alloy_Ti-6Al-4V
17,MQL,240,0.02,0.5,0.392,464.6,107.46,0.10746,https://www.researchgate.net/publication/377545139_Towards_sustainable_manufacturing_Multiple_optimization_of_surface_roughness_Ra_flank_wear_Vb_in_MQL-assisted_milling_of_Titanium_Alloy_Ti-6Al-4V
18,MQL,240,0.06,0.9,0.77,955.2,95.85,0.09584999999999999,https://www.researchgate.net/publication/377545139_Towards_sustainable_manufacturing_Multiple_optimization_of_surface_roughness_Ra_flank_wear_Vb_in_MQL-assisted_milling_of_Titanium_Alloy_Ti-6Al-4V
19,Flood,60,0.02,0.1,0.305,152.4,131.16,0.13116,https://www.researchgate.net/publication/377545139_Towards_sustainable_manufacturing_Multiple_optimization_of_surface_roughness_Ra_flank_wear_Vb_in_MQL-assisted_milling_of_Titanium_Alloy_Ti-6Al-4V
20,Flood,60,0.06,0.5,0.703,201.7,140.11,0.14011,https://www.researchgate.net/publication/377545139_Towards_sustainable_manufacturing_Multiple_optimization_of_surface_roughness_Ra_flank_wear_Vb_in_MQL-assisted_milling_of_Titanium_Alloy_Ti-6Al-4V
21,Flood,60,0.1,0.9,0.89,369.5,184.08,0.18408000000000002,https://www.researchgate.net/publication/377545139_Towards_sustainable_manufacturing_Multiple_optimization_of_surface_roughness_Ra_flank_wear_Vb_in_MQL-assisted_milling_of_Titanium_Alloy_Ti-6Al-4V
22,Flood,150,0.06,0.1,0.717,409.8,165.6,0.1656,https://www.researchgate.net/publication/377545139_Towards_sustainable_manufacturing_Multiple_optimization_of_surface_roughness_Ra_flank_wear_Vb_in_MQL-assisted_milling_of_Titanium_Alloy_Ti-6Al-4V
23,Flood,150,0.1,0.5,0.728,594.7,136.65,0.13665,https://www.researchgate.net/publication/377545139_Towards_sustainable_manufacturing_Multiple_optimization_of_surface_roughness_Ra_flank_wear_Vb_in_MQL-assisted_milling_of_Titanium_Alloy_Ti-6Al-4V
24,Flood,150,0.02,0.9,0.497,333.4,167.35,0.16735,https://www.researchgate.net/publication/377545139_Towards_sustainable_manufacturing_Multiple_optimization_of_surface_roughness_Ra_flank_wear_Vb_in_MQL-assisted_milling_of_Titanium_Alloy_Ti-6Al-4V
25,Flood,240,0.1,0.1,0.52,1046.9,127.03,0.12703,https://www.researchgate.net/publication/377545139_Towards_sustainable_manufacturing_Multiple_optimization_of_surface_roughness_Ra_flank_wear_Vb_in_MQL-assisted_milling_of_Titanium_Alloy_Ti-6Al-4V
26,Flood,240,0.02,0.5,0.427,557.2,138.64,0.13863999999999999,https://www.researchgate.net/publication/377545139_Towards_sustainable_manufacturing_Multiple_optimization_of_surface_roughness_Ra_flank_wear_Vb_in_MQL-assisted_milling_of_Titanium_Alloy_Ti-6Al-4V
27,Flood,240,0.06,0.9,1.085,1053,107.91,0.10790999999999999,https://www.researchgate.net/publication/377545139_Towards_sustainable_manufacturing_Multiple_optimization_of_surface_roughness_Ra_flank_wear_Vb_in_MQL-assisted_milling_of_Titanium_Alloy_Ti-6Al-4V
