tool_id,cycle,cycle_cut_time_min,Fx_rms,Fx_std,Fx_peak,Fx_crest,Fx_kurtosis,Fy_rms,Fy_std,Fy_peak,Fy_crest,Fy_kurtosis,Fz_rms,Fz_std,Fz_peak,Fz_crest,Fz_kurtosis,Mz_rms,Mz_std,Mz_peak,Mz_crest,Mz_kurtosis,vib_x_rms,vib_x_std,vib_x_peak,vib_x_crest,vib_x_kurtosis,vib_y_rms,vib_y_std,vib_y_peak,vib_y_crest,vib_y_kurtosis,vib_z_rms,vib_z_std,vib_z_peak,vib_z_crest,vib_z_kurtosis,sound_rms,sound_std,sound_peak,sound_crest,sound_kurtosis,signal_quality,vibration_available,edge1_vbmax_mm,edge2_vbmax_mm,edge3_vbmax_mm,edge4_vbmax_mm,cut_time_min
QIT-CEMC,1,8.6,12.286863135181934,12.286863135181934,35.66417502851358,2.9026265399175455,1.705800889505381,9.290488111733566,9.290488111733561,31.414470645039437,3.381358467631431,1.8514498675722248,3.253444099362225,3.2534440993614195,124.9655690051459,38.41024009899017,250.43280492943526,0.024084866444427172,0.0240848664444255,0.14278890331375546,5.928573597998688,2.678282453715099,0.798217788480331,0.7982177884802726,9.931945004300763,12.44265054930619,3.6261970410001605,0.628723035392032,0.6287230353918676,3.8531634784245457,6.1285546441319045,2.941555465219293,0.6380272518022271,0.6380272518021772,4.290429763600591,6.72452430751425,3.239840291702447,0.25057968126695046,0.25057968126693286,1.4935172057470314,5.960248645044529,2.8698907778690446,1.0,True,0.0454,0.0239,0.0481,0.0418,8.6
QIT-CEMC,2,8.91,10.921859418173815,10.921859418173803,41.31141050275207,3.7824521375921103,2.4637998910531542,9.904679872113615,9.904679872113611,36.89310818222481,3.7248158101602513,2.2929579249962426,3.4806598537865443,3.4806598537702973,76.46797783969046,21.969391164868462,16.617615325537823,0.034149182008073486,0.03414918200806512,0.15944814187571715,4.669164310817774,2.893421062383792,,,,,,,,,,,,,,,,,,,,,0.0,False,0.0955,0.0907,0.0896,0.0897,17.509999999999998
QIT-CEMC,3,8.514999999999999,11.700831639349376,11.700831639349161,31.629682740213333,2.7031995430003555,1.7869835672905896,9.113072148782686,9.113072148780459,31.648039682002572,3.472817856076129,1.9966290292815647,3.8392197071321887,3.8392197070931426,17.478059545739903,4.552503081100202,2.4721494002355935,0.041155801383471524,0.04115580138340846,0.1819959489066832,4.422121372657176,2.273897592066163,0.8900883866834122,0.8900883866820776,9.027060349770057,10.141757251104114,3.6124296631070902,0.7863843620475799,0.7863843620456867,3.9714278783836447,5.050237606509468,3.0177521451156557,0.6849642932145478,0.6849642932127695,4.821124735778639,7.038505194413898,3.680323377414627,0.28725803933132327,0.28725803933113286,2.524135105621691,8.786995523249239,3.132024037789277,1.0,True,0.1041,0.0997,0.0985,0.0957,26.025
QIT-CEMC,4,8.513333333333334,9.998548861426723,9.99854886142139,36.68426445248601,3.6689588620214457,1.9507183315737466,10.147626003779626,10.147626003779626,35.06002412540289,3.454997662738486,1.9952422241320982,3.229726743020464,3.2297267429409007,13.079195085462636,4.0496290015021135,2.0891554659592892,0.049640883345535895,0.049640883345481196,0.1648948799333962,3.321755553494292,1.7811839574985633,0.9323069995476406,0.9323069995473908,47.91740264283697,51.39659218056573,11.934325708498191,0.7917096562316384,0.7917096562315856,48.915546532632874,61.784703707492945,19.71302391489515,0.7063795812536862,0.7063795812535423,60.30200099952023,85.36770116216543,72.14975903649872,0.28821901534960886,0.28821901534947186,1.5052335698191974,5.222533870616945,2.9175423276502346,1.0,True,0.1105,0.1032,0.1194,0.1074,34.538333333333334
QIT-CEMC,5,8.791666666666666,12.613656435651047,12.613656435651047,35.22277693925323,2.7924319263762496,1.856964387877095,10.125836254071215,10.125836254071215,33.18943464626874,3.2776981390474806,1.9680636830074605,2.288403517039371,2.2884035170336072,16.94879157631309,7.406382419058961,3.2097158525356275,0.026248571490507515,0.026248571490506613,0.1166466587066923,4.443924072168125,3.0789705521066093,0.8681949386995877,0.8681949386995854,9.910512285639214,11.415077241159135,3.5929389887989185,0.7179040405529262,0.7179040405529262,5.820688003953268,8.1078914104874,2.97328982201575,0.6693338161932053,0.6693338161932025,4.441796200763951,6.636144914993825,3.2902928479401328,0.2773112351883007,0.2773112351882448,1.7754844094415057,6.402497209447396,2.8742809825735223,1.0,True,0.1174,0.1044,0.1234,0.1094,43.33
QIT-CEMC,6,8.676666666666668,11.463679826020647,11.463679826020636,40.20262564724678,3.5069564273762692,2.2426725552960085,11.377271487677067,11.377271487677048,36.54646723328175,3.212234785191327,1.974763150366696,3.5408246175144704,3.5408246174639215,17.204866417876254,4.858999887419852,3.2184401288580666,0.056042158765402916,0.056042158765392695,0.2050056569060761,3.658061384898584,2.0226872298652543,0.9258419248209461,0.9258419248209458,124.04224638468386,133.97778071961162,64.21772730427735,0.8419255129787351,0.8419255129787266,121.08587556023251,143.82017612440595,83.45980274646907,0.7222429970000849,0.7222429970000807,150.4148063463074,208.26066430698768,357.1732535216128,0.29743334108860175,0.29743334108845515,1.6326952275682436,5.489281133018251,2.9627692181831535,1.0,True,0.1195,0.1096,0.1325,0.114,52.00666666666667
QIT-CEMC,7,8.513333333333334,11.445780730621514,11.44578073062143,39.14162629220512,3.41974280421845,2.1255150406916927,11.170465381716372,11.170465381716285,39.80459833013398,3.563378692823798,1.9637814148044035,3.6871745715664623,3.6871745715156923,19.412656281973337,5.264913799219994,2.0732675653838903,0.05245113362900156,0.052451133628990315,0.16978130126824964,3.236942455222231,1.8035365002332446,0.9225854354201137,0.9225854354195607,80.80341338555779,87.58366464864329,15.492724262688311,0.7944994433992532,0.7944994433983801,77.60797229356022,97.68159428975275,21.311804719351986,0.7182613818857216,0.7182613818848006,95.66150395130354,133.18480759769386,73.39710616196258,0.285833133763735,0.28583313376371394,1.6193701090622827,5.665438739515859,2.9174335105339866,1.0,True,0.1198,0.1138,0.1373,0.1293,60.52
QIT-CEMC,8,8.635,12.918356444085289,12.918356444085289,44.342021542684094,3.432481657756566,2.11143967450269,10.437084478198162,10.437084478198157,37.55332173686195,3.5980662813744977,2.5329984054500705,3.2175752158133872,3.217575215782547,15.085417051058073,4.688442705835722,3.3886682963528814,0.04108554590632285,0.041085545906311687,0.1666781557631713,4.056856300344799,2.502025178222507,0.9420986263029056,0.9420986263027933,9.543444815914489,10.129984854522078,3.5792065467455245,0.8215227617850713,0.8215227617846292,4.966910164325045,6.045979972036975,3.071726751219167,0.7236022361341189,0.7236022361338985,5.223270533503136,7.218427849820808,3.6925858139082526,0.28103490930405645,0.28103490930405106,1.4734083727674876,5.242794841452889,2.9337222278950517,1.0,True,0.1253,0.1203,0.1432,0.1373,69.155
QIT-CEMC,9,8.513333333333334,11.543982776178126,11.543982776178023,41.43949753555891,3.589705419612408,1.90609714202146,11.460875778109125,11.460875778109115,31.71420424776552,2.767171101212118,2.0318487558306737,3.509431154570509,3.5094311545183112,18.46938234037691,5.262785199910049,2.341456655859816,0.04878585849893807,0.048785858498934326,0.16840046235035963,3.451829434425659,1.9064177643337656,0.9580751774075841,0.9580751774060134,8.322638970557842,8.68683289872693,3.547079861079184,0.8380772934071891,0.8380772934047344,4.442051742448016,5.300288860456927,3.0056823924754674,0.7331608776435494,0.7331608776415404,5.749169984614927,7.841621341135004,3.6622568637817974,0.28458989228120934,0.28458989228102216,1.4578544997915321,5.122650309558412,2.9384668679257633,1.0,True,0.1259,0.1268,0.1492,0.1379,77.66833333333334
QIT-CEMC,10,8.59,11.438266607521285,11.438266607521282,32.245023070312165,2.8190480408202148,1.8496064748126597,12.96763358816874,12.967633588168736,39.40287499404424,3.038555548792972,1.8104244955244309,3.8386069239131952,3.8386069238277423,91.79340709625305,23.91320833722563,3.902686709128755,0.03865987741014503,0.03865987741014268,0.1607649686246097,4.158444863108183,2.669104569481364,0.9090540454735381,0.9090540454724991,8.684463422706157,9.55329715097666,3.6331847632676637,0.7672306180218491,0.7672306180208447,5.258026654705532,6.853254459868016,3.0323291766549687,0.7026196593993302,0.7026196593980506,5.064195661865115,7.2075917519792965,3.563587037466014,0.28128449567984865,0.281284495679717,1.690024270714775,6.008238266492728,2.9192307686484704,1.0,True,0.1374,0.1374,0.1553,0.1433,86.25833333333334
QIT-CEMC,11,8.663333333333332,10.444361175144454,10.444361175144445,30.836173114968794,2.9524230920271965,1.856987539974308,9.624436833200106,9.624436833200106,26.154321239682492,2.7174910795259732,1.7594884303164713,3.1070478021046792,3.107047802087355,15.11126349808334,4.863543936416794,2.9676527493250147,0.04170290715696815,0.041702907156944156,0.15737567524998808,3.7737339187800996,2.31163066594559,0.8443718696326089,0.8443718696322086,30.11071272923185,35.660487768657184,4.342705644797689,0.6536945495556007,0.6536945495549822,28.403313186253364,43.450435995776175,4.633609777554959,0.6564408122355717,0.6564408122348141,35.384914114376265,53.90419586172525,7.64257904061208,0.27444160458447475,0.2744416045844645,1.5999571778178847,5.8298638074221305,2.8335890185692354,1.0,True,0.1374,0.155,0.185,0.2128,94.92166666666667
QIT-CEMC,12,8.518333333333334,13.462323676141303,13.462323676140766,37.117235596958814,2.7571195352211073,1.7655591338649783,10.724334343388374,10.724334343387342,40.318089618556925,3.7594957717271567,2.101047714460337,3.892895682540837,3.8928956825049217,59.139679476038204,15.191693869751626,6.462273855471163,0.039476315851749606,0.03947631585174233,0.15700154218755963,3.9771072553266458,2.8429189050473838,0.9240870474687556,0.9240870474677212,9.214647768386552,9.971623121032989,3.5184373175746106,0.7505679411232282,0.7505679411218557,3.979851786957609,5.302453740565769,2.9839918627895856,0.7083063950996329,0.7083063950980635,5.279815501895836,7.4541406634527965,3.6223769062106377,0.27437807267473224,0.27437807267464775,1.514557686410835,5.519966197176048,2.9262799232093473,1.0,True,0.1432,0.1791,0.2031,0.2149,103.44
QIT-CEMC,13,8.52,12.421686254251421,12.421686254251384,37.89109729508591,3.0503988363188115,1.8007847811488173,15.014712063315894,15.014712063315509,52.97699944812667,3.5283393530776155,1.8954254456499868,4.230361429429834,4.230361429393338,94.06701803433668,22.236165775323595,17.178301310576256,0.046183816103539777,0.04618381610353725,0.1981608656302609,4.290699261100531,2.39462373854188,1.0158920059012924,1.015892005900826,8.613283739032559,8.47854268859111,3.4876493307291976,0.8394521771943072,0.8394521771937317,4.560154198880562,5.43229778034756,2.9920616198328194,0.774613836987199,0.7746138369864005,6.327178414464909,8.168171174264048,3.705539944263237,0.2843606667917687,0.28436066679175986,1.4040934581025468,4.937720374424128,2.930659563846631,1.0,True,0.1731,0.185,0.209,0.2209,111.96
QIT-CEMC,14,8.59,10.311775504608239,10.311775504608232,39.29687256784319,3.8108735542469647,2.041385068612709,15.338499258914572,15.338499258914572,43.14374178689025,2.812774643635072,1.7861206758156212,4.019335809275498,4.019335809238798,26.599326348090386,6.617841257927893,2.5776447650800987,0.04591835134675762,0.045918351346321565,0.17763019831128676,3.86839233338088,1.9467650752543715,0.972480714555937,0.972480714555722,9.030493143015656,9.286038281118245,3.6062675790695264,0.7420355443663277,0.7420355443660263,5.198158242216857,7.005268523431585,3.112838121677148,0.7485680274371019,0.7485680274368288,5.5608165821071704,7.4286055218600895,3.7361168020413467,0.27576685479323165,0.27576685479320795,1.4304789445155188,5.187276569506816,2.8856189968874566,1.0,True,0.179,0.1901,0.2089,0.2263,120.55
QIT-CEMC,15,8.516666666666667,13.402399528416174,13.402399528416158,51.370887333599775,3.832961942723888,1.9414173257048282,16.585745950571567,16.585745950571564,48.10243061232892,2.900227144180467,1.6207752973320282,3.307990140757791,3.307990140731821,19.513029062307325,5.8987567169221675,2.6301798819499536,0.0443098998755394,0.04430989987553484,0.20210719921011627,4.561219948088541,2.026395948272865,0.9835573975317549,0.9835573975317523,8.785699366336013,8.932574131803387,3.5072136245071963,0.7719261130517432,0.771926113051731,4.711398727183191,6.103432242442328,3.104525947951879,0.782873021343739,0.7828730213437382,5.91812985055344,7.559501591197308,3.726710947632531,0.2892812015160022,0.2892812015158001,1.4202577700701446,4.909609620767495,2.9061845127879753,1.0,True,0.1851,0.2209,0.2279,0.2304,129.06666666666666
QIT-CEMC,16,8.511666666666667,16.8836826509854,16.88368265098152,55.49527273935588,3.286917545569773,2.1133049134743485,15.496066645202655,15.496066645202582,44.87151369837473,2.8956711871309784,2.2133946595637712,4.354954789010355,4.354954788880439,24.386142879337456,5.599631697870991,3.216610097756238,0.0394364501371973,0.039436450137101633,0.17522847938789665,4.443312691134373,2.9990114954065996,1.010556269766815,1.0105562697659576,9.45971535249068,9.36089917553379,3.5666100874500652,0.8038885892221342,0.8038885892207321,5.024624647028008,6.250399264766253,2.9986994060827734,0.7804490134873351,0.7804490134862867,5.707815758567154,7.31350243248117,3.6181497373594556,0.29015733442412933,0.2901573344240237,1.531265352325997,5.2773622123496375,2.9187968003930216,1.0,True,0.191,0.2269,0.2331,0.2383,137.57833333333332
QIT-CEMC,17,8.513333333333334,17.006618553645648,17.00661855364505,48.22603979737653,2.8357218482470454,1.6365038706396464,12.86108988823813,12.861089888237414,46.882755273378095,3.645317440495758,1.8655414681575209,4.899129510227842,4.899129510180159,32.142611179318465,6.560882114305164,2.5251984802526075,0.048771708341305356,0.04877170834130514,0.17674542074003347,3.623933357084103,2.295945773661248,1.018030907559395,1.0180309075593519,44.377539493287536,43.591544386090675,4.570799118353183,0.8390958191319643,0.839095819131928,42.87707792825847,51.09914380530981,5.073827787562958,0.7955569996948996,0.7955569996947991,55.54150909679424,69.81461933977668,11.019305236664074,0.2934696154324267,0.2934696154324137,1.4814021290992199,5.047889291422479,2.9255156646348373,1.0,True,0.1911,0.228,0.2346,0.239,146.09166666666664
QIT-CEMC,18,8.521666666666667,15.955501069312234,15.955501069311948,51.507666590042994,3.2282073979556474,2.138641950113387,17.340664717286753,17.34066471728664,53.216419719814596,3.0688800335758537,2.0901119638361414,3.3325162326612547,3.332516232619507,46.474517166495446,13.945773680262674,6.107252834346776,0.0465258306236971,0.046525830623689375,0.21623295078637428,4.647589261442222,2.5102714602121527,1.0359216764603256,1.0359216764602739,9.466627466719894,9.138362177212779,3.510331307953639,0.8571348485338122,0.857134848533582,4.627682736693797,5.399013637830459,3.008289717078847,0.813161653198774,0.8131616531987005,6.0568389280673145,7.448505354674841,3.7779779843344117,0.2952587343328028,0.29525873433273975,1.5254239581319797,5.166397402532343,2.928127035103737,1.0,True,0.197,0.2328,0.2387,0.245,154.61333333333332
QIT-CEMC,19,8.513333333333334,14.49966860248233,14.499668602481849,52.03371408968405,3.5886140239629976,2.1879477534025082,17.557291658720104,17.55729165871889,54.22275716277001,3.0883326549877883,1.9153099963119902,3.3179051454078614,3.317905145348459,15.08747119122333,4.5472882828205945,3.2384498420651506,0.047140404581235223,0.04714040458120323,0.19541919559415838,4.1454713282615145,2.492600248679993,1.0266239831021802,1.0266239831014032,9.585695211369485,9.337104304152437,3.548409350225837,0.8861255105929823,0.8861255105919958,4.946943923877971,5.582667313761848,3.0614302633319848,0.7785686126992424,0.7785686126984881,6.447671864086014,8.28144335504663,3.7368655919676,0.2968112125164303,0.29681121251642495,1.6524403980906615,5.56731123491229,2.931938342363862,1.0,True,0.2029,0.2328,0.248,0.2507,163.12666666666664
QIT-CEMC,20,8.446666666666667,17.64270835808828,17.64270835808827,60.920049463066604,3.45298738870429,2.0429475405497244,15.573067755231124,15.573067755230944,48.10487641067757,3.0889788169398247,2.302600301595896,4.889797336719829,4.889797336691237,116.69908269662243,23.86583219314084,23.288632104865723,0.04500209985886783,0.04500209985886768,0.20782245406608255,4.618061261981986,2.7658909855830016,1.038855808830211,1.0388558088301654,10.622806826189578,10.22548724846737,3.6949857382093967,0.7411310771211329,0.741131077120966,7.362625685541869,9.934309750093636,3.22246364657408,0.7948279272137133,0.7948279272136378,5.826209444301454,7.330151904356655,3.678654792315805,0.2824742129845287,0.2824742129845287,1.6967263042212246,6.006659108079914,2.8559145952075866,1.0,True,0.2352,0.2328,0.2746,0.2865,171.5733333333333
QIT-CEMC,21,8.583333333333334,14.041243273837779,14.041243273837695,37.59156951441483,2.6772251417691044,1.7009919569392251,16.983844135642325,16.983844135642325,51.47595120924009,3.0308775091271927,1.7714055715079007,4.903251025101452,4.903251025014766,22.891771337488194,4.668692510397129,3.0812329619787517,0.04672573865155151,0.046725738651543426,0.20374479642565632,4.360440354834092,2.4087040423304864,,,,,,,,,,,,,,,,,,,,,0.0,False,0.2152,0.2065,0.2751,0.2089,180.15666666666664
QIT-CEMC,22,8.514999999999999,16.231157882784718,16.231157882784622,56.130140470517624,3.458172292812889,2.1524792585903865,15.111930197725744,15.11193019772501,48.312500399301065,3.196977471916315,2.381978408477923,3.3639287943450396,3.3639287943323426,22.750614554970177,6.763108242129051,2.4596498521363044,0.0759852946342299,0.07598529463242674,0.27757256647478185,3.6529774321588375,2.4607653589323726,0.9030180168218378,0.9030180168124553,9.225689981775414,10.21650710164691,4.421352596188594,0.5506729304542177,0.5506729304431639,3.678752657094727,6.680467576389383,3.5036262539208,0.6564503927553985,0.6564503927453125,6.834494075925484,10.41128796836915,4.228049505929533,0.288456583998922,0.2884565839985437,1.6742437435829844,5.804144666669288,2.647039322088217,1.0,True,0.216,0.2175,0.197,0.233,188.67166666666662
QIT-CEMC,23,8.613333333333333,21.731271410450745,21.73127141045074,58.34408400572844,2.6847984594987984,1.6617245269757195,17.132953945261537,17.13295394526153,48.7309236851745,2.8442803173852003,1.6623095735368167,2.9988418674731365,2.9988418674566923,23.40278926548305,7.803942421679789,3.4742449156244835,0.038941734978855405,0.03894173497885506,0.20081387777309437,5.1567778857858375,2.905803958281891,0.9447642272284941,0.944764227228379,11.122538662169475,11.772819441733008,3.6669616718230493,0.7244721669064621,0.7244721669063136,5.2928697932261235,7.305829036644682,3.2451298240462263,0.8014688088490834,0.8014688088488744,6.1128328937621275,7.627037791452186,3.6768437525620894,0.2798880594073233,0.2798880594072863,1.4415455966705009,5.150436212688188,2.855156504937705,1.0,True,0.2566,0.2268,0.2188,0.191,197.28499999999997
QIT-CEMC,24,8.373333333333333,20.352421013123095,20.35242101312131,64.975875842866,3.192537919737904,2.394799253124187,18.10437926479933,18.104379264787823,68.71914410254696,3.795719427738615,2.2981411289510216,5.888428388457453,5.888428388449016,66.5977143195721,11.309930243886043,2.6468482789240295,0.06893117145874189,0.06893117145850068,0.23106164774352955,3.3520632662079355,1.8301287344143107,0.9022824727729244,0.9022824727729216,8.787861261406325,9.739589902926053,3.7782052022780204,0.7266267582991464,0.726626758299124,4.742934391599034,6.527332412999861,3.4502540040846377,0.7733017738105553,0.7733017738105455,7.13886033881225,9.231661662476851,4.338065259189362,0.2919575638476024,0.29195756384753163,1.5317732190788182,5.246561174480759,2.8749649413137104,1.0,True,0.2665,0.2686,0.203,0.209,205.6583333333333
QIT-CEMC,25,8.511666666666667,14.127258893876265,14.12725889386666,50.30877016239114,3.5611133440895926,2.1898794912524484,19.425127040774587,19.425127040772637,63.282264492568466,3.25775292793375,1.677108063734703,5.447419107961327,5.447419107861074,25.585803105280952,4.696867011368312,2.0131606913248103,0.049503191684902345,0.049503191684819474,0.18312441483906403,3.6992446063818942,1.8723805053020282,0.9211770584272471,0.9211770584266925,8.895281300162683,9.656429476597975,3.6662605444953518,0.7764744700848013,0.7764744700840958,4.781249017673791,6.157638405228719,3.253237663762813,0.7946153429677749,0.794615342967202,7.32206209289893,9.21459943820374,4.03293663126032,0.29538088428317455,0.29538088428317444,1.516397533050869,5.133702327186262,2.883612612295402,1.0,True,0.2668,0.203,0.1854,0.185,214.16999999999996
QIT-CEMC,26,8.373333333333333,18.9737270928132,18.973727092807245,51.94581687768603,2.7377761166050436,2.083248786060319,16.707537602742647,16.707537602738768,58.368752311569054,3.4935580394556442,2.168382867173068,5.470747905894662,5.470747905867634,83.98337511023084,15.35135168991059,4.5039415146123085,0.052887572406012155,0.05288757240583167,0.2042985555680853,3.8628839682734433,2.1870978362942406,0.9493500237935638,0.9493500237934984,10.248924731544767,10.795728103097826,3.6628144021442783,0.8079664366357987,0.8079664366355813,4.381059621099714,5.422328728581251,3.100660615634503,0.8200670894639763,0.8200670894638503,6.6303407165643335,8.085119866105282,4.009482025334826,0.2981831729675346,0.29818317296747865,2.6203514266988615,8.787724004077717,2.9790320461901403,1.0,True,0.2735,0.2149,0.1901,0.1901,222.5433333333333
QIT-CEMC,27,8.58,16.329905067877235,16.329905067877217,48.62578510416376,2.9777138876218063,2.252027131116982,14.825379503493314,14.825379503493282,54.3142355538004,3.66359832751683,2.1390968570382056,4.502997767882724,4.502997767654689,83.42212174331154,18.525907860384304,7.583426537167062,0.05766443944177386,0.05766443944176862,0.2065829298032525,3.5825013093528417,1.772883818106283,0.8779967697456379,0.8779967697448349,10.10295235922748,11.506821787230924,4.1913457356939725,0.6772640508387355,0.6772640508375111,5.520331413550121,8.150929326181785,3.4685491065580365,0.7372925972103807,0.7372925972092577,6.196187023299985,8.40397292302116,4.2213938111119,0.2840637379595707,0.2840637379593437,1.7338509327501987,6.103739059425349,2.8391781013858224,1.0,True,0.2748,0.2509,0.193,0.1911,231.1233333333333
QIT-CEMC,28,8.52,23.65921048032233,23.659210480322088,59.85132835110227,2.529726357558778,1.8124451423976038,18.413954640175444,18.413954640173017,47.848594198150415,2.598496365020617,1.9142279387522119,3.9801640655980806,3.980164065553195,69.4012805338387,17.43678888357837,4.330186170247359,0.03151475565992266,0.03151475565984608,0.15901740715676382,5.045808029506204,2.429136891768574,0.9121992886813342,0.9121992886813243,9.946376019569168,10.903731391796574,3.654979506855949,0.701646197065252,0.7016461970652448,4.266087563216945,6.080112143499875,3.1370021563134607,0.786998972235401,0.7869989722353933,6.501009597704485,8.26050582917401,3.5520505031100784,0.27973830844158476,0.27973830844154507,1.4230617001111288,5.087117699534864,2.8559371892142824,1.0,True,0.2371,0.2712,0.2148,0.2149,239.64333333333332
QIT-CEMC,29,8.378333333333334,15.796605258526972,15.796605258525576,41.88611345248414,2.6515895514875965,1.6985565431640985,17.720792029758357,17.720792029752182,55.45927772414196,3.1296161949764847,1.7946251143540113,5.1410383868829665,5.141038386873031,51.54895578864422,10.026954072190573,4.157698118324409,0.06669075915139674,0.06669075915135547,0.24302196763015094,3.6440126146781338,1.9901563636094197,0.998614992124877,0.998614992124789,427.27118679159366,427.86378149844893,7496.100495296438,0.8267501073521281,0.8267501073520077,425.698684135304,514.9061129229357,15634.857796131651,0.9413254156536818,0.9413254156536108,566.4031822594784,601.7081583483568,28786.642603167296,0.2905586055027837,0.29055860550277224,1.6218364406317765,5.5817876666407615,2.9140405232258324,1.0,True,0.2548,0.281,0.2318,0.2152,248.02166666666665
QIT-CEMC,30,8.514999999999999,16.455598955773997,16.455598955761417,49.81862777999261,3.027457579264356,1.944708656778789,14.278587314808044,14.278587314807972,44.57646159998157,3.12190979521848,1.815004261978597,5.205786985678041,5.205786985581084,80.31183712799232,15.427415172565286,6.2984219785392135,0.05266677287980324,0.05266677287974472,0.1966767980001651,3.7343620511745295,2.059030671412941,0.8657585803873203,0.8657585803873079,9.806446784937574,11.326999243311452,3.7980011746389244,0.6905700083017157,0.6905700083017129,4.189993542618119,6.0674421018114595,3.1490120578359746,0.7375752802655859,0.7375752802655752,5.889036650718706,7.984319442753265,3.9222011230371185,0.2792865035709111,0.27928650356972734,1.3843538171445884,4.9567515774821524,2.8817496047805196,1.0,True,0.2865,0.2836,0.2386,0.2268,256.53666666666663
QIT-CEMC,31,8.571666666666665,21.881348905433537,21.881348905433537,70.63580362061847,3.22812839034244,1.91872535412957,18.60366576003797,18.603665760037938,51.28871197726384,2.7569142898404317,2.3667779204125625,5.204346194624827,5.2043461944332305,23.32959411956452,4.482713725627992,3.443915852331094,0.07034177405434963,0.07034177405425278,0.30641879438495073,4.356142541247197,2.712781253096969,1.0524383171463199,1.052438317146306,21.841405768840147,20.753145731203503,3.643097227386975,0.7231715296132888,0.7231715296132616,22.863453764311195,31.61553356025683,3.9829667296641293,0.891189049106918,0.8911890491069129,27.283874329776022,30.615136437232763,4.392952467250152,0.28797035562753565,0.28797035562724466,1.7383239170222304,6.03646827894535,2.901652304612964,1.0,True,0.2805,0.209,0.3104,0.1611,265.1083333333333
QIT-CEMC,32,8.511666666666667,16.5695959319478,16.5695959319473,57.149105022658595,3.4490343190849657,2.0267215246255557,20.59169467091307,20.59169467091056,54.78810698418998,2.6606895576001945,1.998702822707583,5.1880768080557536,5.188076807939189,62.31127152969311,12.010475911408959,2.7152210447260803,0.05733338565662896,0.05733338565653709,0.2145999339052716,3.7430186870615985,1.9180849359254355,0.995905761757235,0.9959057617571718,9.530734034401451,9.569915548620646,3.671511771608944,0.821001396684972,0.8210013966848331,5.015364696159373,6.108838202237344,3.341566641593485,0.8529106417766242,0.8529106417764877,7.291952297709032,8.54949151826714,3.973293861428142,0.2956740385052254,0.2956740385051092,1.6128789621957897,5.454922489474116,2.931823834442224,1.0,True,0.2622,0.1195,0.1914,0.1431,273.61999999999995
QIT-CEMC,33,8.514999999999999,18.232927706018746,18.232927706018746,55.86129023174157,3.0637586641283936,1.857673631136137,15.835118674858798,15.835118674858796,44.496178660145425,2.809968120465772,1.6823602722405158,4.680389761542075,4.680389761505873,110.06844622510059,23.51694021927689,22.606569582839,0.05164172775703797,0.05164172775703777,0.20797182893386107,4.02720509105193,2.2574316274070703,0.952729539718007,0.9527295397179014,9.504081341907844,9.975634160268509,3.7379493216950532,0.8342345049670793,0.8342345049668863,5.4238742348434705,6.501618193145234,3.1147632373997216,0.7774910312476588,0.7774910312475074,6.85189866384085,8.812833059753038,3.8683439869245153,0.2879593421507672,0.28795934215076563,1.732466288034855,6.0163572923006114,2.962859611137873,1.0,True,0.3581,0.1301,0.2388,0.2572,282.13499999999993
QIT-CEMC,34,8.581666666666667,20.39121201881661,20.3912120188166,61.20668007670851,3.0016205030004195,1.9016370946037982,16.90784723415435,16.907847234154342,50.54013366738221,2.9891524904063274,1.7431020261959305,4.881040228003505,4.881040227840915,22.279764484096837,4.564552522282724,3.1597342092810408,0.0672695710949044,0.06726957109464105,0.39265764227850347,5.837076643829633,2.6460014205971025,1.02601584080449,1.0260158408035494,12.240490344360463,11.930118286246733,3.864657745653022,0.7016470368095163,0.7016470368084948,5.134983140644947,7.31847050048755,3.564061817602737,0.8362444890165602,0.8362444890155256,6.748354353570518,8.069834171949777,4.0344291738682685,0.28013974998071683,0.28013974998069174,1.7504433108641153,6.248464600202597,2.8814902463357592,1.0,True,0.2268,0.1022,0.2209,0.2924,290.7166666666666
QIT-CEMC,35,8.52,20.667054793671337,20.667054793671333,65.08691701081607,3.1493078070682317,2.0092202000405694,24.370859753506817,24.370859753506394,66.21257103261418,2.7168746487528654,2.0497112722876043,4.683938940805643,4.6839389407425,44.483760684401126,9.497083810565188,3.6874395284164416,0.0663814197670709,0.06638141976693607,0.3234837119366144,4.873106255812283,3.0080256666591145,0.9949033910668136,0.9949033910668061,11.240785328591322,11.298368695414807,3.6183427921000293,0.7055327857359976,0.7055327857359972,6.273124115740565,8.891328996421572,3.498852774764841,0.8129415947348936,0.8129415947348885,6.479067728706318,7.969905551233593,3.799712165006798,0.28572477349123987,0.28572477349115194,1.964914714855437,6.876949068316192,2.918173870727288,1.0,True,0.2089,0.2081,0.1492,0.1433,299.23666666666657
QIT-CEMC,36,8.514999999999999,18.855096184890908,18.855096184890883,58.55833236975493,3.1057031900308885,1.5711712845274342,24.91246203007821,24.912462030077773,55.5156724829744,2.2284297881095503,1.5276955873473508,4.140614972311272,4.140614972249043,75.19458849071623,18.160246483565935,6.443127486499938,0.05103757677491544,0.051037576774912136,0.19733838678117133,3.866531274622771,2.427330088406657,0.9593119891247055,0.9593119891245198,9.998199532731444,10.422260584748859,3.6605916447656006,0.7344105154398094,0.734410515439528,4.7763575103851945,6.5036616578465285,3.388537953001049,0.793840665289476,0.7938406652892656,6.621220261523301,8.340742104851552,3.779737648202299,0.28158650842562344,0.2815865084255549,1.8803355142617193,6.677647749442441,2.8944163987828855,1.0,True,0.2071,0.1558,0.1553,0.2269,307.75166666666655
QIT-CEMC,37,8.381666666666666,24.483401320003026,24.48340132000268,67.23251836397104,2.746044860566078,1.7399041829624637,21.48247026910802,21.482470269107786,64.26133885014464,2.991338428269723,1.714733260646857,5.073684604452844,5.073684604430606,22.25406245061091,4.386173793909058,2.4332046242566556,0.05875232565047025,0.05875232565046936,0.23137523721974274,3.9381460164869377,2.4557950101115003,0.9795700521026524,0.9795700521026497,11.028533171930283,11.258544652582506,3.7684743174497153,0.7795373694026841,0.7795373694026837,5.786621187565572,7.423147901170583,3.4786861687201727,0.8446114676463201,0.844611467646312,7.63839781031126,9.043682335497046,4.135736396515008,0.28779920624671723,0.2877992062467099,4.834028299206802,16.79653103373332,3.182964828245817,1.0,True,0.2924,0.1122,0.0811,0.1616,316.1333333333332
QIT-CEMC,38,8.371666666666666,19.76922132335772,19.76922132334765,65.18843807542807,3.2974712058287627,2.2772917081813953,23.244494309311253,23.244494309311253,75.05675307940413,3.2290120869326886,1.8863281161759042,4.623397445525489,4.623397445509158,21.23624519582514,4.593212122911371,2.899349428326869,0.06439450277672715,0.06439450277666367,0.2349831616044506,3.649118348179497,1.855877434039949,0.9999641801755811,0.9999641801755679,11.202246912139152,11.20264818903031,3.785689236832557,0.8405015470344626,0.8405015470344362,5.282315462393131,6.284718310193121,3.3291853727916316,0.8390862833078815,0.8390862833078634,7.021632324054755,8.368188663952148,4.025248362256568,0.30185791194983336,0.3018579119497939,3.2673578781004133,10.8241584823638,2.998876159570146,1.0,True,0.2805,0.1439,0.1675,0.1497,324.5049999999999
QIT-CEMC,39,7.22,23.660950109235113,23.66095010800836,79.7228202178077,3.369383725072437,2.112333999900798,20.692377576380036,20.692377574682276,86.77459448605745,4.193553600389984,2.2832278272454443,5.424010619010158,5.424010619006559,62.69299556611182,11.558420506476226,4.554995408146928,0.062075764666157926,0.062075764666139614,0.2389495499171519,3.84932108693654,2.2073523771283607,,,,,,,,,,,,,,,,,,,,,0.0,False,0.1255,0.148,0.1672,0.1493,331.7249999999999
QIT-CEMC,40,8.371666666666666,22.989775648401796,22.98977564840166,69.02049780382471,3.0022258093946594,2.0887176427130325,24.250722928469976,24.250722928465514,77.40989499088083,3.192065457974566,1.9856519855992434,5.4211648777615435,5.421164877745836,26.910648143970292,4.963997360486476,3.025439981401362,0.04885585194845109,0.04885585194831971,0.23234278264678326,4.755679685863085,2.5282836470654004,1.191696516957793,1.1916965169573999,9.732612745209641,8.167022901145515,3.545867650877916,0.8870513528645247,0.887051352863549,5.825572039766112,6.567344743857039,3.215510600493919,0.956350529093881,0.9563505290934107,8.264259634831395,8.641454553971526,3.9806500608952784,0.29959866964916687,0.2995986696491566,1.549186711954653,5.170873134279156,2.9565344256259607,1.0,True,0.1592,0.1855,0.1621,0.1552,340.0966666666666
QIT-CEMC,41,8.38,26.018147115541474,26.01814711554116,80.7614410672147,3.104042755564761,2.002397154849864,28.279806777176653,28.279806777176482,77.5369128035856,2.7417766116479307,2.020929848139436,5.120047758947684,5.120047758947418,88.37213268801645,17.26002116554074,4.60294051852759,0.055031097421320604,0.055031097421297435,0.24009910216680602,4.3629713637835765,3.2171131560335224,1.1682646035847415,1.1682646035846571,7.95369262886864,6.808126005412873,3.5519152073730567,0.9806313802286157,0.9806313802284213,5.720020307496853,5.832997416586177,3.1828280875331503,0.9220819170991293,0.9220819170990688,8.922755024363784,9.67674873446687,3.894528436375194,0.3077042424704584,0.3077042424681027,1.5863365990435787,5.155393979320507,2.9732060428798004,1.0,True,0.2388,0.3165,0.2986,0.2572,348.4766666666666
QIT-CEMC,42,8.511666666666667,21.246400682617413,21.24640068261594,64.70353705212325,3.045388158619261,2.08574973677153,24.54076367311656,24.540763673115816,71.07507666170999,2.896204763976841,1.9568290619595328,5.037677126083154,5.037677125951372,25.591784321940267,5.080076329115229,3.4788750028165167,0.04308311351991763,0.04308311351975599,0.22036178114421137,5.114806315990522,2.960869900269031,1.1398624536287563,1.1398624536280568,9.724627254592193,8.531404138836056,3.5492680295385224,0.959553771287261,0.9595537712865618,5.615955551996916,5.852674149217294,3.06751338834217,0.8924350423351168,0.8924350423341851,7.034334891330131,7.882181399919389,3.696019979965277,0.297105478195917,0.29710547819188526,1.6047661994195408,5.4013349372216135,2.9756226905336938,1.0,True,0.1671,0.3581,0.233,0.2037,356.98833333333323
QIT-CEMC,43,8.38,22.715818605954794,22.71581860595382,70.74495173598008,3.1143474493776235,2.1854350527195456,23.465480331775613,23.465480331772,76.64104840393875,3.2661188827298724,1.8621657981777702,5.552572852080882,5.552572852072865,52.753223800337636,9.50068107266127,4.496939797826982,0.059413438115614454,0.059413438115583195,0.2323018364648062,3.9099207827825557,2.108160246104012,1.1448914714888723,1.1448914714888627,10.020827483401618,8.752644012947401,3.6252483598097323,0.9421861459144322,0.9421861459144304,5.565301829148419,5.906796500119468,3.246587260790653,0.9166864433664941,0.9166864433664794,10.654838889359974,11.623209840685007,4.125246483724383,0.2921366393179968,0.29213663931796013,1.510771448422176,5.171454877926728,3.027374891694438,1.0,True,0.1313,0.364,0.3522,0.2043,365.3683333333332
QIT-CEMC,44,8.301666666666668,27.34137272865183,27.34137272864454,78.11238341993624,2.856929832863877,2.0265828825423013,28.9332473897714,28.93324738977082,76.88414570894632,2.657294035239429,1.9891336972262081,4.798303338555112,4.798303338549915,24.871745522086556,5.183445848918767,2.248958776100827,0.040298650137749685,0.040298650137689115,0.2162349266936808,5.3658106649861,2.483049411725683,1.2219138006122912,1.2219138006117762,9.476374378879104,7.7553542435894975,3.42856688559421,1.0405872248998074,1.0405872248990842,5.788191238271016,5.5624277328873895,3.0799713382904783,0.9747639122027869,0.9747639122019068,9.107969040307658,9.343769220718611,3.617450920385299,0.3099269105863259,0.3099269105858266,1.625696410001301,5.245418692187059,2.991481614461073,1.0,True,0.2211,0.245,0.2686,0.1552,373.6699999999999
QIT-CEMC,45,8.514999999999999,29.58907513185286,29.5890751318518,74.57898875493389,2.5204907021459775,1.9903051910491578,25.553499312355562,25.553499312355296,68.73593719480104,2.6898835401993657,2.1453119546667336,4.823135933171316,4.823135933125596,30.500898368827826,6.323872847757958,2.5304078192950192,0.038303641570586064,0.03830364157044919,0.1872009767139643,4.887289276895247,2.636480642505257,1.1952807802091092,1.195280780201151,7.948696180099768,6.650066086320888,3.439559179950919,1.0715723149357852,1.0715723149305716,5.0330592456011365,4.6968918247041,2.913609665177129,0.9656054857897037,0.9656054857794459,7.958869043376658,8.242361047553116,3.5586803025670215,0.30827795496267724,0.30827795496261173,1.7865057571597591,5.795113560345399,2.9819199845614737,1.0,True,0.3223,0.3343,0.2209,0.2029,382.1849999999999
QIT-CEMC,46,8.588333333333333,22.08179622795806,22.08179622795806,71.53338332381936,3.2394730295196723,2.1387853009196274,24.275037797539284,24.275037797539273,84.32924803806753,3.4739080013550314,2.0870291671487995,4.6372389946652985,4.63723899463251,23.475046163553245,5.062289476681933,3.0176729196702796,0.046008643562046224,0.04600864356204609,0.23047369311859767,5.009356400776867,2.3156077912290494,1.210984293008898,1.210984293008787,10.681829705816362,8.820783033672159,3.5710857523919435,0.9866799140555504,0.98667991405539,6.030308550353032,6.111717148032998,3.1982702515021795,0.9495610484106604,0.949561048410519,8.681918428654873,9.143086106139613,3.71026420751204,0.310170781234696,0.31017078123465325,1.5339044025994708,4.945354286736687,2.9766024321602944,1.0,True,0.179,0.3492,0.2925,0.2806,390.7733333333332
QIT-CEMC,47,8.629999999999999,26.146063295457125,26.146063295457125,74.83023931895877,2.8620078852161472,2.1738838385027357,28.10094452980984,28.100944529809837,96.79649225054877,3.4445992428427386,2.1525141940257444,4.962969272634432,4.962969272616507,23.62914673598496,4.761090677364237,2.445865764995403,0.035279695065023674,0.03527969506502345,0.1928079797087105,5.465126026552892,2.612675852633966,1.250688114042758,1.2506881140422366,31.919970749147733,25.521927002223407,3.643984839157328,1.0248491009290268,1.0248491009284357,33.01662324460173,32.21608255759031,3.430278746367379,0.9851202975595699,0.9851202975589485,43.07457179728534,43.7251896078008,4.687714616479002,0.31265666377565643,0.3126566637756545,1.635422666237471,5.23073024092316,2.9933426828241005,1.0,True,0.1314,0.2746,0.3168,0.2029,399.4033333333332
QIT-CEMC,48,8.613333333333333,24.04132799235187,24.04132799235187,66.82849034089614,2.779733730272966,1.6484970686771043,31.436342124008537,31.43634212400854,91.22061946608785,2.901756798111092,1.7560197279507772,4.948206761291375,4.94820676127266,25.189884425876855,5.090709754275272,2.317698808523491,0.03614677219971353,0.036146772199709895,0.20253358339029295,5.603089046824991,2.433561095717004,1.2504384381285756,1.2504384381285383,10.70826063137576,8.563604816404956,3.5000948001773473,1.0339815361791562,1.0339815361791254,5.650056230934645,5.464368591931674,3.0918286335391247,0.9759696775864676,0.9759696775864423,7.922631038920561,8.117702036105156,3.6438970947606237,0.3163886839462764,0.31638868394623426,1.5860501667990832,5.0129800693769395,2.988451523456154,1.0,True,0.2805,0.2149,0.2328,0.1194,408.01666666666654
QIT-CEMC,49,8.655,20.833848909356053,20.833848909356053,51.27783150405211,2.4612750014244504,1.5340899374533477,28.90191453334902,28.901914533349018,81.42272588188251,2.8172087280907068,1.7160784023484597,4.840851799664753,4.840851799647932,22.79740020492813,4.70937784265714,2.5275016106180623,0.03329768982902384,0.03329768982902056,0.19128471493421423,5.744684268380728,2.6325997201297837,1.2004397189154232,1.2004397189143814,8.465521254576162,7.0520169577732865,3.4885278576804954,1.036981532323194,1.036981532321649,5.553862224726079,5.355796657519566,3.0690330173893874,0.9042343697978383,0.904234369796471,7.396470911139585,8.179816160707572,3.5851764777799615,0.3051735651095797,0.3051735651095764,1.682924455766937,5.514646903189808,2.98779294080234,1.0,True,0.2033,0.2865,0.179,0.2269,416.6716666666665
QIT-CEMC,50,8.448333333333332,13.636412149975374,13.636412149972559,49.537156708322684,3.632711901305516,1.9148882912674554,24.644371943339117,24.644371943339117,88.34644197648602,3.5848526462596384,1.7693867105685666,7.869616252644937,7.869616252622256,143.80935422541734,18.273998325786696,25.27847789877655,0.05679253346400364,0.0567925334639973,0.19976469334394026,3.517446416975843,1.997161506814796,1.2532624524763891,1.2532624524763398,11.74816209977222,9.374063729874289,3.6557106262131303,0.8931567491230415,0.8931567491229806,5.846619839968902,6.546017645513498,3.396744399009966,0.9362733574383455,0.9362733574382539,8.25764197907499,8.819691293649528,3.854235398377242,0.30241833419770836,0.30241833419770575,1.8199798635154898,6.018087059251056,2.9128182652089043,1.0,True,0.2328,0.3282,0.2208,0.1434,425.11999999999983
QIT-CEMC,51,8.378333333333334,17.96448639608061,17.964486396080435,64.62942425424343,3.5976215979291184,2.0770500693065888,24.81113934716702,24.81113934716675,75.23006785297757,3.0321085541590604,1.8508466562275212,6.578000253028002,6.578000253026786,170.94010156976594,25.986636514809852,20.930450113652583,0.06264554490455036,0.06264554490001001,0.25784653265910273,4.1159596113653345,2.4808981480045555,1.2262894038479433,1.2262894038477308,11.288463228453345,9.205382671522363,3.570195030454813,0.790612850882025,0.7906128508814713,7.644078847817862,9.668548695217842,3.6165166117487044,0.9318292192889148,0.9318292192885653,7.820558868434195,8.392695470959922,3.8931838501934393,0.289392496363226,0.2893924963631928,1.5257434479272496,5.27222877960263,2.9230779022100566,1.0,True,0.1621,0.2986,0.2745,0.1735,433.49833333333316
QIT-CEMC,52,8.518333333333334,28.38318581336994,28.38318581336981,70.34118326348099,2.4782694841234725,1.5709401796390758,19.335970198502796,19.335970198502157,68.81204496269727,3.558758327421577,1.8242308647669796,5.016581783006123,5.01658178296789,93.12082651978011,18.562605086043,6.550592216905911,0.06718034269841978,0.06718034269841049,0.3967311358631066,5.905464603598078,2.545824065726298,1.2288758148954655,1.2288758148944356,140.551551901126,114.37408906373672,36.95639731231866,0.7924390515686072,0.7924390515672305,136.64881965236322,172.44079450889168,176.5376850574434,0.9571400994893724,0.9571400994879931,179.64129770993645,187.6854786522619,259.80710588954776,0.2868529972654488,0.2868529972653797,1.4763672417257103,5.146772931779777,2.9331435769954943,1.0,True,0.1556,0.2447,0.2092,0.2268,442.0166666666665
QIT-CEMC,53,8.583333333333334,20.787747804411925,20.78774780441192,69.81378531554243,3.3584102507114975,2.139386597778698,22.97276305474577,22.97276305474575,74.10386569065216,3.2257271584640144,2.290985105645068,6.225807630444994,6.225807630374521,30.368536553778256,4.877846916642949,3.4406725552943254,0.05208438345638312,0.05208438345635057,0.20935899064917773,4.019611575598292,2.463544737827691,1.1140894262344674,1.1140894262330634,10.632798465043232,9.543936253825903,3.732051707781721,0.8107047527056686,0.81070475270365,6.795812925500851,8.38259909396154,3.277568589236534,0.8536846011542311,0.8536846011521244,7.16538631027289,8.393481972832674,3.7974692673783315,0.2995315018002189,0.2995315018001423,1.8909311492514627,6.3129625361163955,2.854741885241903,1.0,True,0.345,0.3109,0.376,0.2507,450.5999999999998
QIT-CEMC,54,8.371666666666666,28.758721379009135,28.758721379006477,76.41147604025528,2.6569844685802924,2.1861938126984612,30.550382118321334,30.550382118309965,103.53025541162782,3.388836676760904,2.0591137507755914,5.270467020643346,5.270467020617504,32.50354086602484,6.1671082920574385,2.848227187607072,0.05872671455152407,0.058726714551135935,0.24599555266888945,4.188818573412012,2.908036331515856,,,,,,,,,,,,,,,,,,,,,0.0,False,0.2999,0.3402,0.4148,0.2211,458.97166666666647
QIT-CEMC,55,8.52,24.530268394045084,24.530268394044374,66.61929702131008,2.7157997601641584,1.9824891154415916,28.36730871705738,28.36730871704904,87.61519504690935,3.0885973682172385,2.0202346623266227,6.276945968023109,6.276945967915238,212.57484422042057,33.86596687359568,29.191347340967337,0.046370707620058724,0.04637070761973991,0.22392681769126066,4.8290575922631795,2.799270141182081,1.1288864018497144,1.1288864018496336,12.249463257514737,10.850926397415739,3.6216123971110576,0.8266999884183899,0.8266999884183874,4.942665463573621,5.978789806238821,3.255886114311303,0.9195404527077776,0.9195404527076665,8.288135761127144,9.013345456114529,3.7510774760128363,0.2992946461366353,0.29929464613647005,1.558161615386947,5.2061125566396145,2.9112244740482125,1.0,True,0.0982,0.4099,0.1893,0.2566,467.49166666666645
QIT-CEMC,56,8.376666666666667,29.20965891113459,29.209658911133488,73.50068394888888,2.5163143524716323,1.705198277380192,21.926841918331665,21.92684191832629,89.35834733652813,4.075294913392028,2.243617409777445,6.500461815169379,6.50046181515466,146.09261572950487,22.474190278079224,10.220719870397899,0.06275491899663999,0.06275491899662246,0.23737487315826422,3.7825699873977006,1.9458278422852249,1.1286508066359286,1.128650806635085,9.615793767743968,8.519724356911532,3.690567678921373,0.8525669697547206,0.8525669697536868,5.309386710613639,6.227530386429495,3.5632523902684348,0.9876483733637295,0.9876483733628332,9.539923329399405,9.659230538605929,4.103758267197075,0.3094592071823072,0.30945920718219777,1.77932648600154,5.74979333206044,2.9306762775170654,1.0,True,0.2806,0.3701,0.3048,0.2152,475.8683333333331
QIT-CEMC,57,8.581666666666667,30.20605132113075,30.20605132113075,74.59914335322667,2.469675448807854,1.6672657738270045,23.402958411091515,23.402958411091515,74.50109029457077,3.183404806601801,1.703773609311594,4.822679059644774,4.822679059619872,29.95194126247287,6.210643688298647,2.889187576687141,0.04452357883947037,0.044523578839466116,0.21824203965139688,4.901718265691711,2.59727222617671,1.0107806553991567,1.0107806553984928,130.10090935610134,128.71329567019123,60.50927593430965,0.8010555921630952,0.8010555921621063,129.84314017676397,162.0900489891691,144.5381837845396,0.8660692814123494,0.8660692814115561,170.00445899083005,196.29429497094495,311.90500270336787,0.29431735284426086,0.29431735284425625,1.7633785380234408,5.99141885784947,2.859320514172503,1.0,True,0.3046,0.4198,0.2387,0.2984,484.44999999999976
QIT-CEMC,58,8.371666666666666,27.922387862386262,27.922387862380486,75.2465159193795,2.694845308009732,2.001207151724283,30.818892159994878,30.818892159991233,105.91482194321794,3.4366849201900562,2.0530186880838395,5.776468023101219,5.776468023080634,27.559089365300835,4.770923902822049,2.5259474722417194,0.07002302322170073,0.0700230232215967,0.27286185796459117,3.8967448906151905,2.356859894203229,1.1005775701676637,1.1005775701676057,11.620708018332522,10.55873600673345,3.7005229534885062,0.8922231768409633,0.892223176840879,5.90895842049377,6.622735851152439,3.4736799089391432,0.98655808299693,0.9865580829968532,8.392442041688453,8.506789601474045,4.187371284029494,0.31200143294019805,0.3120014329401877,2.2520023557839637,7.217923118371092,2.9278380694062083,1.0,True,0.2924,0.3223,0.3465,0.2271,492.82166666666643
QIT-CEMC,59,8.445,26.862100205402164,26.86210020540136,73.03004629909061,2.7187020277887184,2.0019336650796404,22.281429464944285,22.281429464943862,88.78867484664882,3.984873366690472,2.172409352422343,6.088415867840268,6.088415867754403,142.4621011264079,23.39887816778574,12.666449823238004,0.06726613738200958,0.0672661373819996,0.25696588392901165,3.8201373518696724,1.8773320463078957,1.0245569492829611,1.0245569492827953,13.061543071255823,12.748479311371591,3.9952006762425367,0.7776217668891648,0.7776217668888519,5.716280570782658,7.350978090094287,3.8729785566744512,0.8560606320331193,0.856060632033021,8.482966382473522,9.909305562068333,4.315022506765846,0.29748003473938084,0.2974800347393798,1.976602702586959,6.644488610197454,2.890067440110128,1.0,True,0.2102,0.4,0.2761,0.2627,501.2666666666664
QIT-CEMC,60,8.378333333333334,33.15060126694837,33.15060126693985,82.84533700219669,2.4990598612398225,1.6103165853133956,27.068859656945413,27.068859656942834,100.53055056547755,3.7138819972300943,2.324018424062287,5.536011460152889,5.536011460141142,65.4590724593514,11.824229940727689,3.4182930732524284,0.08218365310276404,0.08218365309988254,0.3446454532417961,4.193601041448531,2.755219237866175,1.0719115484454165,1.0719115484450619,10.06492383949962,9.389696243217724,3.6108570731408123,0.7760381116779296,0.7760381116775382,6.354934171244449,8.188945975222756,3.990317114165393,0.8849071770482928,0.8849071770479365,8.887939447903058,10.043922886409145,4.15670077471978,0.3019754922859648,0.3019754922859571,1.860800722632306,6.162091858998162,2.9190111074178198,1.0,True,0.2507,0.4187,0.378,0.2453,509.64499999999975
QIT-CEMC,61,8.38,21.82227832916412,21.82227832916411,72.90745135686257,3.340964231925604,1.7624313504891245,31.872506634046843,31.872506634040125,116.69050373088616,3.6611649366239383,1.9873137780383043,7.027651710507237,7.027651710497522,148.72567029343497,21.162925600178948,19.8352590655432,0.08350900969210015,0.08350900967853557,0.3268002901651006,3.913353677286099,2.460585856182738,1.098987960330152,1.0989879603288712,10.343157274267552,9.411529195606763,3.6270367055787247,0.7845187358035698,0.7845187358014291,6.39083859664374,8.146189893218684,4.315643632033473,0.9359160073813908,0.9359160073799042,9.571776516257332,10.227174704531773,4.367148803565343,0.30460559718045455,0.304605597180377,1.964084873139302,6.447960547408254,2.9016624352746385,1.0,True,0.3564,0.4655,0.412,0.382,518.0249999999997
QIT-CEMC,62,8.376666666666667,27.73039841632782,27.730398416327134,82.27351501488036,2.9669070663780017,1.747813117408932,20.327784602514374,20.327784602513017,71.27675083390513,3.506370823365021,1.983919086008482,6.8943125931317635,6.8943125930933675,59.83534233938981,8.678942466142141,3.4293345926144445,0.05651315863744507,0.05651315863716345,0.2228530085117386,3.943382636625063,2.2818471863798395,0.9876195676470815,0.9876195676463297,36.80114488192177,37.26247037571089,5.814640333903957,0.7817710230026619,0.7817710230017572,34.91591962238543,44.6625912128065,7.7412419188336,0.8445488108730596,0.8445488108722632,45.91551948452255,54.366922187785676,14.084078154407493,0.29477270608764067,0.2947727060872178,1.7513783253270194,5.941453496736928,2.888208537233533,1.0,True,0.4837,0.4655,0.3523,0.3406,526.4016666666664
QIT-CEMC,63,8.375,39.27313952174542,39.27313952174536,133.39704011909134,3.3966482370280024,2.3298126580556473,36.365577463560676,36.365577463560584,144.84638028734778,3.983062841020135,1.82490645415027,18.255683459570086,18.255683459546145,211.7165965730851,11.597297742479094,17.50058241901748,0.0770607080418601,0.07706070803258337,0.4361563647244629,5.659906011861955,2.8620800999981357,1.217632438288266,1.2176324382882548,11.101634284672137,9.117393669536835,3.5934796604434984,0.8235794773716932,0.8235794773716932,7.07794816782027,8.594128875586211,3.8856527033972665,0.9333827897055759,0.9333827897055682,7.934963825569543,8.501296481020965,3.86500552824513,0.2962081044920766,0.2962081044920114,2.4910614617535476,8.409835598607607,3.0755430430303994,1.0,True,0.5213,0.4123,0.3836,0.3625,534.7766666666664
QIT-CEMC,64,8.371666666666666,30.971985726440373,30.971985726440316,93.66351262209463,3.024136503528585,1.6235363606738007,42.054275377010676,42.054275377009766,128.64753501277258,3.059083383543421,1.7071822560317622,8.190190255119802,8.19019025511885,31.985814623303938,3.9053811482961778,2.196010571924826,0.07888977990623068,0.0788897799036409,0.3523166583047121,4.465935368605158,2.6173068205102137,1.2413981435397903,1.2413981435397312,9.308751149648371,7.4986024411998,3.5259794961540054,0.8491847301328181,0.8491847301327311,7.4520022331938875,8.775478372095016,3.98921783656191,0.9941877548208823,0.9941877548208113,10.244701251691835,10.304594078949977,3.867922505727913,0.30303075743552427,0.30303075743457847,3.159124583152558,10.425095491584624,3.094834373359222,1.0,True,0.6183,0.5126,0.3561,0.312,543.1483333333331
QIT-CEMC,65,8.611666666666668,33.27346095443987,33.273460954439514,103.07089684926137,3.0976908891561528,2.092503381774528,39.36154424022534,39.36154424022524,126.18144565988537,3.20570364032961,1.7619910897938165,8.36448393901047,8.364483939003541,270.7536636649312,32.36944031922688,88.02220186751123,0.056061071490540695,0.05606107149049171,0.28368802256621684,5.060338930804848,2.738392540895155,,,,,,,,,,,,,,,,,,,,,0.0,False,0.6505,0.3941,0.3282,0.4059,551.7599999999998
QIT-CEMC,66,8.511666666666667,36.135124106091745,36.1351241060829,110.51199972714213,3.058298607268703,1.8154419563238524,31.201336075985235,31.201336075982912,98.01126436570605,3.1412521607093127,2.296664815275028,6.726631297506917,6.726631297386733,32.16636796431109,4.781943076950401,3.710616458039183,0.0535819376791044,0.05358193767875514,0.2521232154791836,4.705376968431383,3.070450170516366,,,,,,,,,,,,,,,,,,,,,0.0,False,0.6207,0.2805,0.3103,0.3581,560.2716666666664
QIT-CEMC,67,8.346666666666668,34.53759507552058,34.53759507551523,111.94281923386839,3.2411874361573827,1.6599081388672785,45.41289148790544,45.41289148790535,155.7623384910804,3.4299145768457335,1.7066084281975191,7.922458205843773,7.92245820584329,79.515574480032,10.036730067112204,3.7706566451124757,0.06224259203522241,0.062242592035220846,0.2876748766425158,4.621833173009949,2.707596760637586,,,,,,,,,,,,,,,,,,,,,0.0,False,0.5729,0.3464,0.3228,0.3044,568.6183333333331
QIT-CEMC,68,8.371666666666666,38.41064760091978,38.41064760091795,118.47512556367798,3.084434472300878,2.248522146812241,44.16377393657359,44.16377393657147,138.068107824032,3.12627512364139,1.714743983771814,7.02420372286788,7.024203722850415,30.62602392419592,4.360070569207774,2.0598808726763647,0.05938935913097753,0.05938935913069161,0.28283093522638214,4.762316673642254,2.883829937494722,,,,,,,,,,,,,,,,,,,,,0.0,False,0.6983,0.3701,0.3283,0.3164,576.9899999999998
